{
  "single_premium": {
    "MAE": 2098.0706587122854,
    "RMSE": 4785.803866997789,
    "R2": 0.9153857309401701
  },
  "annual_premium": {
    "MAE": 1487.8793165451707,
    "RMSE": 5757.8834166398265,
    "R2": 0.7343129510856339
  },
  "reserve": {
    "MAE": 2688.4791806353787,
    "RMSE": 5840.238890108236,
    "R2": 0.6465267999082804
  }
}